title,url,é’±
Victorian Filigree Deco Wax Seal Stamp,https://cdn.shopify.com/s/files/1/0655/6853/products/DSC_0236_dan_filigree_2048x.JPG?v=1594470608,$ 25.00
Floral Triple Initials Monogram Wax Seal Stamp,https://cdn.shopify.com/s/files/1/0655/6853/products/DSC_0260_7503c781-5f02-417f-9572-bbf3363dc9d7_2048x.jpg?v=1594474314,$ 30.00
Semicircular Deco Double Initials Wax Seal Stamp,https://cdn.shopify.com/s/files/1/0655/6853/products/DSC_0186_675eb11a-37a3-4a93-854c-5ac5aca4982d_2048x.jpg?v=1594474308,$ 25.00
French Bulldog Wax Seal Stamp | Available in 4 Sizes,https://cdn.shopify.com/s/files/1/0655/6853/products/DSC_1055_2048x.jpg?v=1594474146,$ 25.00
Personalized Classy Calligraphy Wax Seal Stamp,https://cdn.shopify.com/s/files/1/0655/6853/products/DSC_0249_2048x.jpg?v=1594474125,$ 30.00
Gothic Initial Wax Seal Stamp | Available in 4 Sizes,https://cdn.shopify.com/s/files/1/0655/6853/products/DSC_2071_1024_2048x.jpg?v=1594473686,$ 30.00
Old English Initial Wax Seal Stamp,https://cdn.shopify.com/s/files/1/0655/6853/products/DSC_0575_2048x.JPG?v=1594470643,$ 30.00
Gothic Double Initials Wax Seal Stamp,https://cdn.shopify.com/s/files/1/0655/6853/products/DSC_0097_0e63efe9-ebb3-4883-badb-569131b17884_2048x.jpg?v=1594473729,$ 35.00
Calligraphy Initial Wax Seal Stamp | Available in 4 Sizes,https://cdn.shopify.com/s/files/1/0655/6853/products/DSC_0520_2048x.jpg?v=1594473643,
Linen & Leaf Modern Calligraphy Initial Wax Seal Stamp,https://cdn.shopify.com/s/files/1/0655/6853/products/DSC_0398_1_2048x.jpg?v=1594473632,$ 30.00
Suzanne Cunningham Calligraphy M Wax Seal Stamp | Available in 4 Sizes,https://cdn.shopify.com/s/files/1/0655/6853/products/DSC_0187_2048x.jpg?v=1594474164,$ 35.00
Floral Wreath Monogram Wax Seal Stamp,https://cdn.shopify.com/s/files/1/0655/6853/products/floral_wreath_DSC_0079_2048x.jpg?v=1594475673,$ 30.00
Linen & Leaf Modern Calligraphy Wedding Wax Seal Stamp,https://cdn.shopify.com/s/files/1/0655/6853/products/DSC_0409_2048x.jpg?v=1594473634,$ 35.00
Japanese Kamon Oshidori Birds Lovebirds Wax Seal Stamp,https://cdn.shopify.com/s/files/1/0655/6853/products/DSC_0370_1_2048x.jpg?v=1594474195,$ 25.00
Script Initial Wax Seal Stamp,https://cdn.shopify.com/s/files/1/0655/6853/products/DSC_0159_2048x.JPG?v=1594470645,$ 30.00
Pine Tree Wax Seal Stamp,https://cdn.shopify.com/s/files/1/0655/6853/products/tree_DSC_0884_2048x.JPG?v=1594475279,$ 25.00
Constellation Orion Wax Seal Stamp,https://cdn.shopify.com/s/files/1/0655/6853/products/DSC_0532_2048x.jpg?v=1594470604,$ 25.00
Heraldic Griffin Wax Seal Stamp,https://cdn.shopify.com/s/files/1/0655/6853/products/griffin_DSC_0079_2048x.jpg?v=1594475299,$ 25.00
Fire Dragon Wax Seal Stamp,https://cdn.shopify.com/s/files/1/0655/6853/products/dragon_fire_DSC_0115_2048x.JPG?v=1594475332,$ 25.00
Cursive Initial Wax Seal Stamp,https://cdn.shopify.com/s/files/1/0655/6853/products/Preciosa_DSC_0993_2048x.jpg?v=1594470644,$ 30.00
Calligraphy Initial Wax Seal Stamp,https://cdn.shopify.com/s/files/1/0655/6853/products/DSC_0190_2048x.jpg?v=1594475336,$ 30.00
Butterfly Wax Seal Stamp,https://cdn.shopify.com/s/files/1/0655/6853/products/butterfly_DSC_0137_2048x.JPG?v=1594475324,$ 25.00
Primrose Requiem Wax Seal Stamp Designed by Ame,https://cdn.shopify.com/s/files/1/0655/6853/products/ame_Primrose_Requiem_DSC_0593_2048x.jpg?v=1594476582,$ 37.00
Hydrangea Stars Wax Seal Stamp Designed by Petra,https://cdn.shopify.com/s/files/1/0655/6853/products/DSC_0516_2048x.jpg?v=1594476567,$ 30.00
3D Olive Branch Wax Seal Stamp,https://cdn.shopify.com/s/files/1/0655/6853/products/DSC_0147_256f224f-d82a-4163-b1a4-69c4eb087287_2048x.jpg?v=1594476527,$ 40.00
Custom Calligraphy Word Wax Seal Stamp,https://cdn.shopify.com/s/files/1/0655/6853/products/DSC_0105_005a864e-7c36-47ce-b53d-7779c1fc6052_2048x.jpg?v=1594473727,$ 35.00
Hugs & Kisses Wax Seal Stamp Designed by Jo,https://cdn.shopify.com/s/files/1/0655/6853/products/DSC_0793_2048x.jpg?v=1594473675,$ 30.00
Antler Wax Seal Stamp,https://cdn.shopify.com/s/files/1/0655/6853/products/antler_DSC_0089_2048x.jpg?v=1594473586,$ 25.00
Chicken Wax Seal Stamp,https://cdn.shopify.com/s/files/1/0655/6853/products/hen_chicken_DSC_0085_3859ef76-8563-4f7c-beaf-f38e395d1c0c_2048x.jpg?v=1594475445,$ 25.00
Paw Wax Seal Stamp,https://cdn.shopify.com/s/files/1/0655/6853/products/DSC_0647_paw_2048x.JPG?v=1594470621,$ 25.00
Heraldic Crowned Phoenix Wax Seal Stamp,https://cdn.shopify.com/s/files/1/0655/6853/products/phoenix_DSC_0917_2048x.jpg?v=1594470647,$ 25.00
Hydrangea Wax Seal Stamp Designed by Petra,https://cdn.shopify.com/s/files/1/0655/6853/products/DSC_0517_029fa520-a740-42e3-bd09-13634589233b_2048x.jpg?v=1594476568,$ 30.00
Lavender Wax Seal Stamp,https://cdn.shopify.com/s/files/1/0655/6853/products/DSC_0764_c5810944-e844-4ee1-9265-b55044a5c766_2048x.jpg?v=1594473753,$ 30.00
Swan Wax Seal Stamp | Available in 4 Sizes,https://cdn.shopify.com/s/files/1/0655/6853/products/DSC_0603_2048x.jpg?v=1594473652,$ 25.00
Palm Trees Wax Seal Stamp,https://cdn.shopify.com/s/files/1/0655/6853/products/DSC_0576_2048x.jpg?v=1594473649,$ 25.00
Hibiscus Wax Seal Stamp,https://cdn.shopify.com/s/files/1/0655/6853/products/DSC_0569_2048x.jpg?v=1594473648,$ 25.00
Japanese Kamon Laurel Wreath Wax Seal Stamp,https://cdn.shopify.com/s/files/1/0655/6853/products/DSC_0219_2048x.jpg?v=1594474184,$ 25.00
Laurel Wreath Initial Wax Seal Stamp | Available in 4 Sizes,https://cdn.shopify.com/s/files/1/0655/6853/products/DSC_2108_1024_2048x.jpg?v=1594473683,$ 30.00
Velociraptor Wax Seal Stamp,https://cdn.shopify.com/s/files/1/0655/6853/products/dino_DSC_0386_2048x.JPG?v=1594475438,$ 25.00
Calligraphy Initial Wax Seal Stamp,https://cdn.shopify.com/s/files/1/0655/6853/products/DSC_0214_2048x.jpg?v=1594475431,$ 30.00
Triple Initials Monogram Wax Seal Stamp,https://cdn.shopify.com/s/files/1/0655/6853/products/DSC_0350_2048x.JPG?v=1594470637,$ 30.00
Petal Song Wax Seal Stamp Designed by Ame,https://cdn.shopify.com/s/files/1/0655/6853/products/DSC_0675_391f02ae-9ec0-4503-8854-187ae4a41588_2048x.jpg?v=1594476583,$ 42.00
Script Initial Wax Seal Stamp | Available in 4 Sizes,https://cdn.shopify.com/s/files/1/0655/6853/products/DSC_0542_2048x.jpg?v=1594473641,$ 30.00
Olive Wreath Wax Seal Stamp | Available in 4 Sizes,https://cdn.shopify.com/s/files/1/0655/6853/products/DSC_0271_2048x.jpg?v=1594474252,$ 25.00
Personalized Swirl Calligraphy Wax Seal Stamp,https://cdn.shopify.com/s/files/1/0655/6853/products/DSC_0017_2048x.jpg?v=1594473644,$ 30.00
Triple Initials Octagon Monogram Wax Seal Stamp,https://cdn.shopify.com/s/files/1/0655/6853/products/Octogram_DSC_0041_2048x.JPG?v=1594475394,$ 30.00
Merry Christmas Wax Seal Stamp,https://cdn.shopify.com/s/files/1/0655/6853/products/xmas_DSC_0974_2048x.jpg?v=1594475289,$ 25.00
Initial Monogram Wax Seal Stamp,https://cdn.shopify.com/s/files/1/0655/6853/products/DSC_0277_mono1_2048x.JPG?v=1594470638,$ 30.00
